id;answer;created_by;created_date;last_modified_by;last_modified_date
1;Fish generate Refined;Hat Investor Investment;2023-11-11T23:25:46;Infrastructure Optimization;2023-11-12T07:54:49
2;maroon web-enabled;Lead;2023-11-12T03:13:18;Designer Credit;2023-11-11T23:32:28
3;Open-source SAS bandwidth;Cayman;2023-11-11T19:49:15;copy Vista website;2023-11-12T02:38:37
4;scalable EXE;Internal Gloves infrastructures;2023-11-12T09:21:52;extend Cloned;2023-11-12T08:12:12
5;Saudi PNG application;user-facing;2023-11-12T07:46:18;withdrawal Delaware Designer;2023-11-11T15:44:45
6;Ball RSS;Checking Kina;2023-11-11T23:43:03;Paradigm Metal;2023-11-12T07:10:30
7;Interactions Pataca District;scalable Ferry Savings;2023-11-12T00:57:15;Small reciprocal hard;2023-11-12T10:43:15
8;USB Direct Customizable;THX connecting;2023-11-11T20:59:53;deposit SSL ADP;2023-11-11T13:19:21
9;Bhutanese;Hat;2023-11-11T19:20:43;turquoise boliviano transmitter;2023-11-12T04:57:11
10;optimal Ergonomic Intelligent;virtual online XSS;2023-11-12T09:07:26;neural Borders Group;2023-11-11T13:34:46
