id;name;start_at;end_at
1;e-tailers RAM;2023-11-12T02:03:04;2023-11-12T06:35:03
2;Buckinghamshire migration Personal;2023-11-11T14:42:58;2023-11-11T12:24:00
3;SMS reintermediate Buckinghamshire;2023-11-12T07:08:49;2023-11-12T08:42:27
4;Branding;2023-11-11T17:45:48;2023-11-12T00:48:14
5;enterprise virtual eyeballs;2023-11-11T22:08:17;2023-11-11T14:41:16
6;olive Chair Dakota;2023-11-12T07:20:25;2023-11-11T19:38:52
7;Florida;2023-11-11T21:11:11;2023-11-11T19:07:13
8;systems Latvian Checking;2023-11-12T11:24:01;2023-11-12T11:31:09
9;world-class mobile;2023-11-11T16:35:50;2023-11-11T23:04:27
10;bypassing Configuration Grocery;2023-11-12T10:23:32;2023-11-12T10:13:28
