id;lesson_name;lesson_code;created_by;created_date;last_modified_by;last_modified_date
1;Director benchmark standardization;Keyboard;Port Tennessee alarm;2023-11-12T08:37:02;Administrator red;2023-11-11T23:21:39
2;Global;Future-proofed Steel Operations;Connecticut Account;2023-11-12T04:41:54;Handmade reintermediate;2023-11-11T15:19:24
3;Integration infrastructures;AGP;Mountains Handmade systemic;2023-11-11T23:48:10;Rufiyaa invoice;2023-11-11T21:15:50
4;Garden Producer;e-markets Niue New;Concrete Fantastic payment;2023-11-12T11:22:08;action-items Investment;2023-11-11T21:46:52
5;Salad PNG;Bike Optimization;Consultant Gorgeous;2023-11-11T17:34:43;interface;2023-11-12T03:06:51
6;deposit Facilitator Bike;Divide up Grocery;Wooden Versatile;2023-11-12T01:18:17;Franc;2023-11-11T20:02:57
7;Cambridgeshire;Frozen Devolved;e-business Electronics Handcrafted;2023-11-11T16:36:44;Executive Global deposit;2023-11-11T23:41:44
8;Factors Bedfordshire;hack;leverage brand Consultant;2023-11-11T15:46:48;B2B Towels;2023-11-11T14:23:54
9;Puerto optimizing;compressing Spurs;Fresh;2023-11-11T13:17:33;incubate;2023-11-12T08:19:06
10;array Ridges PCI;payment Fantastic;Mississippi;2023-11-11T22:54:40;program;2023-11-12T03:53:50
