id;question;created_by;created_date;last_modified_by;last_modified_date
1;Brand;Kiribati Cambridgeshire incremental;2023-11-11T17:15:47;complexity systematic;2023-11-12T04:48:13
2;Savings Nepalese protocol;invoice;2023-11-11T19:33:06;interface ubiquitous convergence;2023-11-12T07:39:05
3;sensor;well-modulated;2023-11-12T02:18:19;Borders cohesive withdrawal;2023-11-12T01:54:55
4;Associate;1080p infrastructure;2023-11-11T16:53:26;utilisation;2023-11-11T20:56:22
5;Sweden;generate Garden wireless;2023-11-11T20:36:35;Cheese Synergized Toys;2023-11-11T21:24:05
6;Way Dynamic USB;Practical Alabama 1080p;2023-11-11T20:03:25;asynchronous Dam;2023-11-11T18:51:26
7;context-sensitive yellow Turnpike;Soap;2023-11-12T07:18:38;Down-sized navigating Gloves;2023-11-12T04:26:27
8;payment Bike;blockchains Zambian loyalty;2023-11-12T08:24:32;collaborative transmitting Bedfordshire;2023-11-12T05:42:12
9;Extensions Clothing Strategist;Road Granite open-source;2023-11-11T23:46:52;payment;2023-11-12T00:22:09
10;Small system Right-sized;synthesizing;2023-11-12T02:15:36;e-commerce;2023-11-12T09:42:18
