id;lesson_type;week_day;created_by;created_date;last_modified_by;last_modified_date
1;LABORATORY;WEDNESDAY;pink Supervisor system;2023-11-12T05:47:34;algorithm mobile bluetooth;2023-11-11T23:39:34
2;ASSIGNMENT;FRIDAY;Soft;2023-11-11T13:41:38;Outdoors Cambodia;2023-11-11T20:18:53
3;LABORATORY;TUESDAY;Nevada Minnesota Liaison;2023-11-12T06:47:00;lime Customer-focused haptic;2023-11-12T01:14:49
4;LECTURE;THURSDAY;navigating;2023-11-12T05:59:07;Investment Antilles Books;2023-11-11T11:45:06
5;LABORATORY;WEDNESDAY;ADP Alaska 24/7;2023-11-11T17:28:15;payment;2023-11-12T05:06:16
6;LABORATORY;SUNDAY;Causeway Fish payment;2023-11-12T02:34:52;Sharable Balboa;2023-11-12T09:07:33
7;LABORATORY;SATURDAY;Clothing Jamahiriya Markets;2023-11-11T16:51:10;back Peso Island;2023-11-11T16:33:04
8;LABORATORY;WEDNESDAY;Music;2023-11-12T05:13:34;Senior deposit;2023-11-12T08:17:41
9;LABORATORY;MONDAY;Bedfordshire generation;2023-11-12T05:09:35;Bedfordshire payment;2023-11-12T00:22:27
10;LABORATORY;WEDNESDAY;Central Executive Pound;2023-11-12T05:45:15;Facilitator didactic 1080p;2023-11-12T00:28:25
